"Name","Description","Amount"," Cost","Link","Running Total"
"Arduino Uno","Execute code and handle components","1x","15$","https://a.co/d/bmDaQzY","15$"
"HC-05 Module","Connect to phone app via bluetooth","1x","12$","https://a.co/d/aNaK21Q","27$"
"Servo 360","Control globe spin","1x","11$","https://a.co/d/8QtKBlF","38$"
"Magnets","Crux of maglev","12x disks of neodymium","10$","https://a.co/d/8QtKBlF","48$"
"Plywood","To craft the stand and holder","50cm^2","8$","https://a.co/d/0e6iqHY","56$"
"Stryoball","To carve the globe","5cm radius ball of styrofoam","8$","https://a.co/d/0e6iqHY","64$"
"RGB LED","For cool effects","1x small diode","7$","https://a.co/d/2UdZyUL","71$"
"Nylon String","Tension against magnet","10cm","7$","https://a.co/d/aRDm3VX","78$"
"Decor (Optional)","Paper, cotton, paint, pins","As preferred","10$?","As preferred","88$"
